antecedents,consequents,antecedent support,consequent support,support,confidence,lift,leverage,conviction
frozenset({'Apple'}),frozenset({'Banana'}),0.5714285714285714,0.2857142857142857,0.2857142857142857,0.5,1.75,0.12244897959183673,1.4285714285714286
frozenset({'Banana'}),frozenset({'Apple'}),0.2857142857142857,0.5714285714285714,0.2857142857142857,1.0,1.75,0.12244897959183673,inf
frozenset({'Orange'}),frozenset({'Apple'}),0.2857142857142857,0.5714285714285714,0.2857142857142857,1.0,1.75,0.12244897959183673,inf
frozenset({'Apple'}),frozenset({'Orange'}),0.5714285714285714,0.2857142857142857,0.2857142857142857,0.5,1.75,0.12244897959183673,1.4285714285714286
frozenset({'Peach'}),frozenset({'Apple'}),0.2857142857142857,0.5714285714285714,0.2857142857142857,1.0,1.75,0.12244897959183673,inf
frozenset({'Apple'}),frozenset({'Peach'}),0.5714285714285714,0.2857142857142857,0.2857142857142857,0.5,1.75,0.12244897959183673,1.4285714285714286
